titulo,precioUnitario,precioCantidad,stock,precioOferta,@imagen
Agua 6.5L,$1890,,,,/img/Bebidas/aguaMis6.png
Agua 12x500ml,,$6290,,,/img/Bebidas/aguaMis500.png
Agua Gourmet con gas/sin gas x12,,$16490,,,/img/Bebidas/aguaGourmet.png
Caña 12x200ml Blanca/Color,,$9990,,,/img/Bebidas/petacaCachape.png
Caña Fortin x24 ,$859,,,,/img/Bebidas/fortin.png
Caña Rosinha brasilera x6 ,$2490,$14940,,,/img/Bebidas/canaRosinha.png
Caña 500ml x10 color,$1390,$13900,,,/img/Bebidas/cana500Color.png
Caña x1L x6 color,,$14090,,,/img/Bebidas/cana1l.png
Cerveza Malta 12u,,$19900,,,/img/Bebidas/malta.png
Chocolatada 7 dias 18x200ml,$649,$11682,,,/img/Bebidas/choco7.png
Coctel brasilero x6 ,$3690,$22140,,,/img/Bebidas/coctelSamba.png
Fernet Branca Menta 450ml x12 ,$9390,,,,/img/Bebidas/brancaMenta.png
Fernet Branca Menta 750ml x6,$13990,$83940,,,/img/Bebidas/brancaMenta.png
Fernet Capri x12 ,$3490,$41880,,,/img/Bebidas/capri.png
Frizze Blue x6,,$16890,,,/img/Bebidas/frizzeBlue.png
Gaseosa Cimes ,,$8340,,$7090,/img/Bebidas/cimes.png
Agua saborizada Brio x6,,$4990,,,/img/Bebidas/aguaBrio.png
Jugo Tutti 200ml x18,,$6462,,,/img/Bebidas/jugoTutti200.png
Jugo Gatorade x500ml x6,$1690,,,,/img/Bebidas/gatorade.png
Jugo Tutti sports 750cc x6,$1390,$8340,,,/img/Bebidas/tuttiSports.png
Jugo Suerox x6 ,$1390,$8340,,,/img/Bebidas/suerox.png
Jugo BC 18u,,$4590,,,/img/Alimentos/secos/jugoBc.png
Jugo Inca 18u,,$3890,,,/img/Alimentos/secos/jugoInca.png
Leche liquida x12 Cotapa ,,$16900,,,/img/Bebidas/lecheCotapa.png
Batidos Tropic Club x6,$3990,$23940,,,/img/Bebidas/tropic.png
Licor Borsa x6,$3690,$22140,,,/img/Bebidas/licorBorso.png
Petaca W x24,$1749,$41976,,,/img/Bebidas/petacaW.png
Petacas Borsa x20,$949,$18980,,,/img/Bebidas/petacaBorso.png
Rockstar x6 ,$1665,$9990,,,/img/Bebidas/rockstar.png
Speed chico x24 ,$1490,$35760,,,/img/Bebidas/speed.png
Speed Grande x12,$2349,,,,/img/Bebidas/speedGrande.png
Vino Alvear 6u 750cc,,$13590,,,/img/Bebidas/vinoAlvearChico.png
Vino Cabarceno 6u,,$14900,,,/img/Bebidas/vinoCabarceno.png
Vino Colon Dulce x6 ,,$26700,,,/img/Bebidas/vinoColonDulce.png
Vino Colon Malbec x6,,$26700,,,/img/Bebidas/colonMalbec.png
Vino Lobo Negro Malbec y Caber,,$18490,,,/img/Bebidas/loboNegro.png
Vino muñeco rebelde malbec ,,$18290,,,/img/Bebidas/vinoMuneco.png
Vino Nampe Blanco 6u,,$21590,,,/img/Bebidas/vinoNampe.png
Vino Obejablack 6u,,$17900,,,/img/Bebidas/vinoObejablack.png
Vino Pinherense x6,,$20800,,,/img/Bebidas/vinoPinheirense.png
Vino Profugo Especias x6,,$17900,,,/img/Bebidas/vinoProfugo.png
Vino Promocion 6u,,$10900,,,/img/Bebidas/vinoPromo.png
Vino Pico de Oro x12 tinto,,$15900,,,/img/Bebidas/picoOro.png
Vino Quebrada 6u blanco y tinto,,$14900,,,/img/Bebidas/vinoQuebrada.png
Vino Uvita Tinto x12,,$19800,,,/img/Bebidas/uvitaTintoCom.png
Vino Uvita Blanco x12,,$17900,,,/img/Bebidas/uvitaBlanco.png
Vino Uvita Botella 6u,,$14900,,,/img/Bebidas/uvitaBotella.png
Whisky W x1L ,$5890,,,,/img/Bebidas/whiskyW.png